,병원,보건지소,약국,요양병원,종합병원,병상 비율,1인당 자동차 등록대수,소규모C,중규모C,대규모C,소규모W,중규모W,대규모W,전규모W,보육시설 비율,유치원,초등학교,중학교,고등학교,소멸지수
0,0.0,-1.0,0.022099447513812154,0.0,0.0,2.6779661016949152,5.425023605194993,0.47628726287262874,0.3713355048859935,0.0,0.39909911435490153,0.4514693342761475,-0.0297536673124827,0.38243775833894067,1.302325581395348,0.24463519313304727,0.3853018372703415,0.14964216005204928,-0.41870350690754476,0.2816901408450704
1,0.0,-1.0,0.574585635359116,0.25,0.5,2.9661016949152543,-3.335382084415437,0.0,-0.04234527687296417,0.42857142857142855,-0.06766802702656935,-0.07212528336418277,0.9615278162192085,0.07472203531032715,-1.1162790697674418,0.5608011444921317,0.25826771653543323,0.4450227716330512,-0.2316684378320934,0.1971830985915493
2,0.6,-1.0,0.26519337016574585,0.125,1.0,1.5593220338983054,-0.05829891901563748,0.31639566395663954,0.7003257328990228,0.5714285714285714,0.29685198042436456,0.7108957427781128,0.3657625242181013,0.47978147329296034,-0.5581395348837209,0.6366237482117307,0.26771653543307106,0.12231620039037058,-0.35919234856535615,0.1971830985915493
3,0.0,-1.0,0.15469613259668508,0.125,0.5,0.21186440677966104,-3.1844891554054495,0.06216124661246612,-0.0781758957654723,0.14285714285714285,0.03044722537381674,-0.018592849863777218,0.26958206476612234,0.061648883334935435,0.3953488372093021,0.12732474964234625,0.02309711286089265,0.09108653220559523,-0.41870350690754476,-0.1408450704225352
4,3.0,-1.0,1.867403314917127,1.25,1.0,0.5084745762711865,-1.9032241192045827,1.7466124661246611,1.5667752442996743,2.0,1.6638274092764127,1.5182912879811992,1.4889288679767507,1.56743247140248,-1.0,0.7010014306151646,0.40104986876640436,0.3825634352635001,-0.23804463336875675,0.8732394366197184
5,3.2,-1.0,1.1933701657458564,1.375,1.0,0.7966101694915256,-2.5684758634287257,0.7923441734417345,0.5472312703583062,0.7142857142857143,0.716034748446311,0.581619283322588,0.582064766122336,0.6533211573584543,-1.3488372093023255,0.7539341917024318,0.6036745406824149,0.7404033832140532,0.7608926673751322,0.5633802816901409
6,0.8,-1.0,0.8839779005524862,0.5,0.0,-0.16101694915254228,-2.2664948274329153,0.5120257452574526,0.36156351791530944,1.5714285714285714,0.5137080249944964,0.3731880290331302,1.3180182673678384,0.5625300394117082,0.0,0.782546494992847,0.4818897637795277,0.5647364996746911,-0.2019128586609987,0.45070422535211263
7,1.4,-0.875,0.7292817679558011,1.125,0.5,0.04237288135593221,-2.4018046392968952,0.34942411924119243,0.16286644951140064,-0.14285714285714285,0.2882834064315107,0.20909677016825073,-0.15693329642955992,0.22193918420968312,-0.30232558139534893,0.4148783977110159,0.38215223097112877,0.38386467143786596,-0.0021253985122213727,0.5352112676056339
8,2.2,-0.75,1.4475138121546962,1.25,0.5,0.0,-1.393714100097717,1.7772696476964769,1.1954397394136809,0.8571428571428571,1.7395559920749157,1.2012561612212216,0.6120952117353999,1.3796340799128457,-0.5348837209302326,0.8526466380543632,0.4829396325459321,0.5725439167208848,0.34856535600425076,0.5633802816901409
9,3.6,-1.0,0.9834254143646409,2.125,-0.5,0.7457627118644069,-2.4388901615628207,0.8609417344173442,0.9837133550488599,0.5714285714285714,0.8992938546729209,0.8999022523553023,0.7711043454193192,0.8844884488448845,-0.11627906976744184,0.5078683834048641,0.4073490813648298,0.41639557579700714,0.22529224229543005,0.3943661971830986
10,1.8,-1.0,0.7071823204419889,1.625,-0.5,0.7627118644067797,-2.3088725663179854,0.6568428184281843,0.6742671009771987,0.7142857142857143,0.6373596599664708,0.7297381610964374,0.9386936064212565,0.7144413470473261,-0.4651162790697674,0.5937052932761089,0.398950131233596,0.42420299284320084,0.10839532412327264,0.3380281690140845
11,1.0,-0.5,0.011049723756906077,-0.5,-0.5,-0.9661016949152542,0.5483047018719254,1.6366869918699187,1.3224755700325732,1.0,1.6868237007434,1.136451552523761,1.552726266260725,1.4386234739978851,-0.7674418604651163,0.5593705293276108,0.5574803149606303,0.4059856864020817,1.047821466524973,1.4647887323943662
12,2.0,-1.0,0.6961325966850829,1.0,0.0,0.7203389830508475,0.39937910138984356,0.690379403794038,0.5700325732899023,0.42857142857142855,0.6204257192691311,0.48590978100368115,0.4146138942706892,0.5518440193533917,-0.9069767441860465,0.6008583690987122,0.5312335958005253,0.40728692257644755,0.8735387885228476,0.591549295774648
13,1.0,-1.0,0.574585635359116,0.75,0.5,0.5677966101694916,1.4641839646240928,0.37516937669376693,0.13355048859934854,-0.14285714285714285,0.27480398963642827,0.21521119730466068,-0.12330473290893994,0.2218110160530616,-1.0232558139534882,0.5507868383404865,0.43149606299212645,0.38516590761223135,0.2189160467587674,0.6760563380281692
14,1.0,-1.0,0.4419889502762431,1.25,0.5,1.3559322033898307,-1.7896824093671861,1.608570460704607,0.6254071661237784,0.7142857142857143,1.5825106260477875,0.5038371149886655,0.46734016053141436,1.0199621903937968,0.2325581395348837,0.5250357653791131,0.1774278215223099,0.2732595966167857,-0.09989373007438866,0.5070422535211268
15,0.6,-0.5,0.23204419889502761,0.125,0.0,-0.4491525423728813,-1.0756181673460286,0.5130420054200542,0.4527687296416938,0.14285714285714285,0.5395492184986368,0.4079196389576358,0.11043454193191254,0.44833221186196287,0.04651162790697657,0.28183118741058655,0.5648293963254598,0.5972674040338323,1.6004250797024437,0.7042253521126759
16,1.8,-1.0,1.1933701657458564,-0.25,0.5,2.279661016949153,1.2339128601359526,0.7637195121951219,0.4169381107491857,0.14285714285714285,0.6695002794100215,0.43595449535178754,0.3625795737614171,0.5497933288474478,-1.3488372093023255,0.9628040057224605,0.4829396325459321,0.2537410540013012,0.5419766206163655,1.2112676056338028
17,1.0,-1.0,1.5027624309392265,0.5,0.5,-0.27966101694915246,-1.010075509150597,1.1446476964769647,0.8143322475570033,1.0,1.054341015697763,0.8470353347336896,0.8623027954608359,0.9480278124899869,-0.30232558139534893,0.4935622317596564,0.45354330708661433,0.21860767729342875,0.42295430393198674,0.4788732394366197
18,1.0,-1.0,0.6961325966850829,1.0,0.0,0.8983050847457629,-1.4939870979115955,0.5857046070460704,0.41368078175895767,0.2857142857142857,0.5651872047144091,0.29939895597196514,0.28563520619983396,0.4389438943894389,0.9534883720930226,0.16738197424892723,0.07559055118110264,-0.1040988939492519,0.4867162592986181,0.11267605633802812
19,0.6,-1.0,0.6961325966850829,0.625,0.5,1.593220338983051,-2.1079106001865955,0.130420054200542,0.0,0.5714285714285714,0.07081773999627454,0.014724538818293368,1.1379739828397453,0.19411067320324266,-0.6046511627906979,1.2217453505007148,0.20997375328083998,0.11581001951854271,0.4952178533475021,0.42253521126760557
20,3.6,-0.875,1.8232044198895028,1.125,0.0,0.20338983050847478,-1.0644171377135223,2.375338753387534,0.758957654723127,0.5714285714285714,2.176417794184885,0.6712559532475095,0.5249100470523111,-0.16584959466820468,-0.48837209302325607,0.6623748211731046,0.46719160104986923,0.1938841899804813,0.44845908607863944,0.9859154929577466
21,2.2,-1.0,1.8453038674033149,0.75,0.0,-0.3305084745762711,-0.6181952169062124,1.3643292682926829,1.1270358306188926,1.0,1.3700235381775694,1.0102115092652288,0.6018544146138942,1.1300586369316543,-1.1162790697674418,0.9141630901287552,0.6782152230971131,0.5712426805465194,0.5249734325185967,0.7042253521126759
22,3.8,-1.0,2.56353591160221,1.0,2.0,0.20338983050847478,-0.4264583825199565,2.442920054200542,2.1237785016286646,0.7142857142857143,2.565932298105092,2.001580600212133,0.8632715195128702,2.107885545836137,-0.4418604651162791,0.9070100143061514,0.5364829396325465,0.4189980481457384,0.4909670563230601,0.9295774647887325
23,0.6,-0.125,0.5524861878453039,0.625,-0.5,-0.31355932203389825,-0.3858791686411955,0.8428184281842819,0.9315960912052117,1.1428571428571428,0.968790747294803,0.9222386290372897,0.8378079158593966,0.933688999967958,-1.0232558139534882,0.8583690987124462,0.4902887139107615,0.2094990240728692,0.879914984059511,1.1549295774647887
24,-0.4,-0.125,-0.39779005524861877,-0.5,-0.5,-1.2542372881355932,1.2995486589683103,-0.4273373983739837,-0.3941368078175896,-0.2857142857142857,-0.43564255837976057,-0.37555892935133,-0.2593412676446167,-0.3575571149347945,-0.6976744186046511,-1.0786838340486404,-0.9081364829396327,-1.263500325309044,-0.33581296493092483,-0.619718309859155
25,0.6,-1.0,0.6629834254143646,0.625,0.0,3.5847457627118646,-1.6434701743911406,0.4759485094850949,0.14332247557003258,0.5714285714285714,0.3071478163683471,0.14312750868290247,1.5804040963188486,0.40658143484251336,-0.9767441860465117,0.47925608011444926,0.12283464566929156,-0.00910865322055957,0.7098831030818276,0.732394366197183
26,4.0,-1.0,1.149171270718232,0.625,2.0,0.5338983050847459,-0.6545304467412842,1.5833333333333333,1.205211726384365,1.4285714285714286,1.5858974141872555,1.169352993781586,2.5297536673124825,1.5166618603607933,0.3953488372093021,0.5007153075822602,0.30866141732283486,0.3656473649967468,0.7736450584484589,1.23943661971831
27,2.0,-1.0,0.7845303867403315,0.625,1.5,1.228813559322034,-1.5536166759501389,0.3189363143631436,0.30944625407166126,0.5714285714285714,0.2623067414017916,0.36432834889669946,0.36008856905618597,-0.36257169406261014,-0.2093023255813958,0.4821173104434907,0.49238845144356985,0.39167208848405966,0.4314558979808715,0.7042253521126759
28,4.8,-1.0,1.7458563535911602,1.75,2.5,0.9152542372881357,-1.1877198974506034,1.9215785907859078,1.5309446254071661,0.42857142857142855,1.8244966386127717,1.6704032610278061,0.7044007749792416,1.611201896888718,-0.11627906976744184,0.5250357653791131,0.28871391076115493,0.31489915419648645,0.7693942614240169,1.0704225352112675
29,3.0,-0.875,1.281767955801105,1.5,3.0,0.7457627118644069,-0.5112342022893749,1.9503726287262872,1.6579804560260587,0.8571428571428571,1.9923458588048024,1.64369943639124,0.8728203708829227,1.6998141561728988,0.4418604651162787,0.5450643776824036,0.35170603674540707,0.45803513337670787,1.321997874601487,2.309859154929577
30,0.2,-0.875,0.8397790055248618,1.125,0.0,0.0677966101694916,-1.6732128662210168,0.5487804878048781,0.23452768729641693,0.7142857142857143,0.4695104397744399,0.30576295156292244,0.5536949903127595,0.4271684449998398,1.0,0.22746781115879844,0.11233595800524941,0.3057905009759269,-0.055260361317747385,0.5633802816901409
31,0.2,-0.875,1.1823204419889504,1.0,0.5,0.8728813559322035,-1.5989357042595969,0.6012872628726287,0.6156351791530945,0.8571428571428571,0.538160635361455,0.5975500696711935,1.2744256850262938,0.6554679739818642,0.5813953488372092,0.23605150214592274,0.12178477690288719,0.3955757970071567,0.008501594048883981,0.5070422535211268
32,4.2,-0.75,2.4198895027624308,0.75,1.0,0.0338983050847458,-1.2155606474203684,1.9334349593495934,1.482084690553746,1.4285714285714286,1.904831253280951,1.4084395732379427,1.4182120121782453,1.630939793008427,0.3953488372093021,0.31473533619456373,0.41994750656167995,0.44242029928432,0.6609989373007435,1.6619718309859157
33,2.4,-0.75,1.1160220994475138,0.625,0.0,-0.19491525423728806,-0.5490940766611629,1.8463753387533874,1.6938110749185669,4.285714285714286,1.913501430917989,1.8280057400744545,4.087046775532798,2.1056105610561056,0.16279069767441842,0.4620886981402002,0.35695538057742815,0.41249186727391,0.39532412327311345,2.5070422535211265
34,0.4,-1.0,0.46408839779005523,-0.125,0.5,-0.14406779661016944,-0.3657172662013072,0.6681910569105691,0.4788273615635179,1.1428571428571428,0.6147697830762197,0.644801697065491,1.3779407694436756,0.72189112115095,1.0465116279069766,0.3719599427753935,0.0,0.13532856213402725,0.22529224229543005,0.6760563380281692
35,0.6,-1.0,0.4088397790055249,0.125,0.5,-0.3474576271186441,-1.0373695386627462,0.2701558265582656,0.003257328990228013,0.42857142857142855,0.15890809950383553,0.029282698666888506,0.2666758926100194,0.14052036271588325,-0.4186046511627908,0.4849785407725321,0.38215223097112877,0.40728692257644755,0.6652497343251855,0.591549295774648
36,3.6,-0.875,1.2486187845303867,1.5,1.0,0.38135593220338987,-0.6606041234752341,1.6258468834688347,1.6938110749185669,1.7142857142857142,1.5943982524173201,1.7566707568163384,1.7186548574591751,1.6530007369669006,-0.2558139534883724,0.5736766809728183,0.4377952755905515,0.6024723487312947,0.5441020191285861,1.23943661971831
37,-0.2,-1.0,0.287292817679558,-0.125,-0.5,-0.23728813559322026,-1.9124926822872559,-0.10823170731707317,0.42996742671009774,1.1428571428571428,-0.1184359812371937,0.4579581140943785,3.4950179905895378,0.5481752058701016,-0.06976744186046527,0.7381974248927037,0.39370078740157494,0.5855562784645414,0.6928799149840588,0.8169014084507042
38,0.4,-1.0,0.143646408839779,0.125,0.5,-0.635593220338983,-0.14048287580689287,0.4087059620596206,0.5342019543973942,0.8571428571428571,0.42480483633346316,0.5325790820040347,4.8383614724605595,0.9893780640199943,-0.48837209302325607,0.7496423462088699,0.5396325459317588,0.5569290826284968,0.7247608926673749,2.056338028169014
39,0.4,-0.125,0.26519337016574585,0.75,0.0,-0.033898305084745645,0.4093522926222309,0.7134146341463414,1.1042345276872965,1.0,0.8912332989009872,1.0265998377805046,1.451978964849156,1.0082988881412414,-0.5581395348837209,0.18454935622317606,0.2992125984251971,0.36694860117111266,0.6099893730074388,0.5633802816901409
40,-0.2,0.25,1.2486187845303867,0.0,0.5,-0.8305084745762712,-0.9461059889476306,1.2782859078590787,0.8371335504885994,1.1428571428571428,1.242375493201023,0.9669945718861136,0.8725435925823416,1.0843666890960941,-0.8372093023255816,0.06580829756795432,0.25826771653543323,0.3292127521145085,0.6439957492029755,2.366197183098591
41,0.2,0.25,1.0055248618784531,0.5,0.5,-0.10169491525423724,-0.8224385930280842,1.1077235772357723,0.8631921824104235,0.7142857142857143,1.1306114845985809,0.7020360626416821,0.5220038748962081,0.8888621871895928,0.3953488372093021,0.46781115879828306,0.2687664041994754,0.5543266102797656,0.6992561105207222,0.732394366197183
42,3.2,0.125,1.591160220994475,0.25,0.0,-0.033898305084745645,-0.5777013575887899,1.6568428184281843,1.280130293159609,1.2857142857142858,1.6544798740114812,1.074309007341472,2.2628009964018823,1.4815918485052388,-0.09302325581395397,0.2961373390557939,0.23727034120734933,0.6506180871828238,1.158342189160467,0.9577464788732396
43,-0.2,-0.125,0.5303867403314917,-0.25,1.0,-0.2881355932203389,-0.2569639110135736,0.9053184281842819,0.40390879478827363,0.0,0.9099622373122449,0.29706965039618993,0.08386382507611403,0.5777820500496652,0.04651162790697657,0.16452074391988555,0.054593175853018344,0.5048796356538712,0.5377258235919236,0.1971830985915493
44,0.0,-0.875,-0.04419889502762431,-0.125,0.0,-0.05084745762711862,-0.3824366593690723,-0.04437669376693767,-0.13680781758957655,-0.14285714285714285,-0.04832946675020744,-0.10581702472807437,-0.15554940492665376,-0.059149604280816434,0.9534883720930226,0.04291845493562241,0.24776902887139146,0.520494469746259,0.15515409139213607,0.08450704225352106
45,-0.2,-0.875,-0.287292817679558,-0.5,0.0,-0.38135593220338987,-0.541138975428443,-0.282689701897019,-0.3127035830618892,-0.14285714285714285,-0.3171049734983828,-0.31254289457812534,0.0,-0.24718831106411612,0.8139534883720929,-0.7782546494992844,-0.4,0.1613532856213401,-0.7290116896918168,-0.2253521126760564
46,-0.4,-1.0,-0.03314917127071823,-0.25,0.5,-0.42372881355932207,-0.8636201405199593,0.009993224932249323,-0.2182410423452769,-0.2857142857142857,-0.04816012734323404,-0.21779007133498327,-0.2593412676446167,-0.11349290268832708,0.30232558139534893,0.31616595135908443,0.22677165354330717,0.7937540663630448,0.8650371944739635,0.2816901408450704
47,-0.2,0.0,-0.19889502762430938,-0.375,0.0,-0.7372881355932204,-0.39567117579035543,-0.14498644986449866,-0.17263843648208468,-0.14285714285714285,-0.16889912451526595,-0.17981407150136222,-0.17146415721007474,-0.1458072991765196,0.8372093023255808,0.14163090128755365,-0.3044619422572178,-0.30579050097592736,-0.12327311370882074,-0.08450704225352121
48,0.0,0.0,-0.1878453038674033,-0.25,0.0,-0.42372881355932207,0.42748614449728667,-0.18597560975609756,-0.20195439739413681,-0.14285714285714285,-0.2080165275261206,-0.2311835783956908,-0.10088569056185995,-0.17592681598256912,0.906976744186046,-0.556509298998569,-0.6131233595800525,-0.37475601821730686,0.025504782146652697,-0.2535211267605634
49,-0.2,0.0,-0.287292817679558,-0.375,-0.5,-0.923728813559322,0.6144081913256206,-0.30911246612466126,-0.25732899022801303,-0.2857142857142857,-0.31063620815199905,-0.18214337707713746,-0.2593412676446167,-0.22392579063731616,0.5813953488372092,-0.4949928469241771,-0.6015748031496063,-0.7703318152244636,-0.5504782146652495,-0.4225352112676056
50,-0.2,-0.125,-0.2983425414364641,-0.375,0.0,-0.5762711864406779,0.17650516619559542,-0.32096883468834686,-0.30293159609120524,-0.2857142857142857,-0.3253010007958952,-0.2979847347295302,-0.2593412676446167,-0.27548143163830946,-0.27906976744186024,-0.5178826895565091,-0.7055118110236221,-0.9616135328562136,-0.8437832093517532,-0.3943661971830986
51,-0.4,-0.25,-0.26519337016574585,-0.25,-0.5,-0.9576271186440678,1.1593791200951293,-0.2769308943089431,-0.3257328990228013,-0.14285714285714285,-0.3056237617055865,-0.30813385188112224,-0.1727096595626903,-0.2600531897849979,-0.16279069767441842,-0.6638054363376248,-0.8262467191601052,-0.6011711125569293,-0.6184909670563229,-0.3943661971830986
52,0.0,-0.125,-0.3314917127071823,-0.5,-0.5,-0.8135593220338984,0.5623518694735729,-0.36907181571815717,-0.3485342019543974,0.0,-0.39269808477130713,-0.30397437763866647,-0.15167450871851648,-0.25080906148867316,0.023255813953487872,-0.773962804005722,-0.861942257217848,-0.75341574495771,-0.9691817215727946,-0.3943661971830986
53,-0.2,-0.5,-0.2541436464088398,-0.375,-0.5,-0.6779661016949152,0.21913587070157606,-0.35399728997289975,-0.36807817589576547,-0.2857142857142857,-0.362081519990517,-0.3444044672753364,-0.2593412676446167,-0.3107597167483739,-0.7906976744186046,-0.2761087267525035,-0.46509186351706033,-0.00650618087182833,-0.6057385759829969,0.0
54,-0.4,-0.5,-0.39779005524861877,-0.5,-0.5,-1.1355932203389831,0.042210244733540674,-0.45342140921409213,-0.4755700325732899,-0.2857142857142857,-0.464328653921054,-0.44427344383669903,-0.2593412676446167,-0.39759364285943155,1.1162790697674418,-0.7896995708154504,-0.7128608923884516,-0.540013012361744,-1.0754516471838467,0.056338028169014134
55,0.2,-0.5,-0.39779005524861877,-0.5,-0.5,-0.6610169491525424,0.24037060316892103,-0.4590108401084011,-0.4527687296416938,-0.2857142857142857,-0.47201666299764616,-0.43054717883659505,-0.2593412676446167,-0.39594347784292994,-0.6744186046511628,-0.12446351931330457,-0.5816272965879267,-0.9433962264150947,-0.21253985122210406,0.11267605633802812
56,-0.2,-0.375,-0.3314917127071823,-0.375,-0.5,-0.9576271186440678,0.5586668929226958,-0.39413956639566394,-0.4201954397394137,-0.2857142857142857,-0.38788884561326264,-0.4082523968970322,-0.2593412676446167,-0.34755999871831844,-0.4186046511627908,-0.45636623748211713,-0.5585301837270341,-0.4124918672739105,-0.26354941551540945,0.1408450704225352
57,-0.4,-0.625,-0.3756906077348066,-0.5,-0.5,-1.288135593220339,0.17226431528742686,-0.38600948509485095,-0.3713355048859935,-0.14285714285714285,-0.39791373850608774,-0.3630389118815382,-0.009687240520343206,-0.30598545291422347,-0.9302325581395348,-0.23032904148783961,-0.7013123359580052,-0.7065712426805468,-1.5387885228480334,-0.28169014084507044
58,-0.4,-0.375,-0.35359116022099446,-0.5,-0.5,-1.288135593220339,0.4472060059402136,-0.32046070460704607,-0.3583061889250814,-0.14285714285714285,-0.35510473642321305,-0.33641827672982133,-0.16911154165513423,-0.2939376461918036,-1.2093023255813955,-0.9041487839771098,-0.8440944881889766,-0.5595315549772285,0.32518597236981944,-0.36619718309859156
59,0.2,0.625,0.4972375690607735,0.375,0.5,-0.13559322033898302,0.14540677364025228,0.8362127371273713,0.8403908794788274,0.5714285714285714,0.8092052901630739,0.8108479088243246,0.38748962081372823,0.763161267583069,-0.16279069767441842,0.2489270386266094,0.1343832020997377,0.24723487312947284,0.5802337938363442,0.2253521126760564
60,-0.2,0.0,0.11049723756906077,0.125,0.5,0.0677966101694916,-0.31365940116310675,0.31148373983739835,0.14332247557003258,-0.14285714285714285,0.2720606912434593,0.13056589647068612,-0.1422640464987545,0.18571565894453523,-0.34883720930232553,-0.05579399141630882,0.08503937007874042,0.14313597918022095,0.3889479277364501,0.056338028169014134
61,4.6,0.625,3.7679558011049723,1.0,2.5,-0.23728813559322026,-0.43876628580170035,-0.08655149051490515,3.7068403908794787,5.0,4.317206577142567,3.7023480232098662,5.6587323553833375,4.146560287096671,0.04651162790697657,0.16595135908440628,0.44514435695538096,0.5881587508132726,0.9904357066950049,1.3239436619718312
62,-0.2,0.0,-0.30939226519337015,-0.125,-0.5,0.7711864406779663,0.6674950575663959,-0.3978658536585366,-0.31596091205211724,0.14285714285714285,-0.40414542868270875,-0.3334650500176778,0.05272626626072516,-0.2903168957672466,-0.9767441860465117,-0.6609442060085834,-0.8692913385826774,-0.7807417046193887,-0.40807651434644016,-0.5070422535211268
63,-0.4,0.0,-0.27624309392265195,-0.125,0.0,0.14406779661016944,0.25220599921800124,-0.24474932249322492,-0.2182410423452769,-0.2857142857142857,-0.21875264592823396,-0.22843832539567,-0.2593412676446167,-0.1982921593130187,-0.023255813953488698,-0.4706723891273245,-0.47244094488188976,-0.3370201691607027,0.1445270988310307,-0.36619718309859156
64,-0.2,0.25,-0.22099447513812154,-0.25,-0.5,0.10169491525423724,0.17026468506756273,-0.33926151761517614,-0.30944625407166126,-0.2857142857142857,-0.3519211555721132,-0.28908345985067485,-0.2593412676446167,-0.2846454548367458,0.11627906976744184,-0.5107296137339052,-0.5900262467191603,-0.45673389720234253,-0.5398512221041442,-0.4225352112676056
65,-0.2,-0.25,-0.07734806629834254,-0.375,0.0,-0.4152542372881355,0.7431563172166429,-0.03844850948509485,0.42996742671009774,0.42857142857142855,0.06082671498484412,0.589896637065075,0.3809853307500692,0.3232881540581243,-0.48837209302325607,0.08726752503576553,0.22677165354330717,0.18737800910865296,0.3209351753453767,0.591549295774648
66,0.0,0.5,-0.36464088397790057,-0.5,-0.5,-0.3983050847457627,0.9968603877734513,-0.36754742547425473,-0.26384364820846906,-0.2857142857142857,-0.36035425803938836,-0.2641266143959404,-0.2593412676446167,-0.27902207696497805,0.30232558139534893,-0.7682403433476391,-0.8503937007874016,-1.0084580351333772,0.14877789585547269,-0.5352112676056339
67,0.0,0.0,-0.011049723756906077,-0.25,-0.5,0.44915254237288144,1.394407902562757,0.3592479674796748,0.9153094462540716,-0.14285714285714285,0.5378558244289029,0.8386747915063536,0.11666205369499032,0.6141657855105899,1.4418604651162787,-0.21316165951359056,-0.14593175853018364,-0.31359791802212106,0.04250797024442066,0.0
68,-0.4,-0.125,-0.3756906077348066,-0.375,-0.5,-0.6949152542372882,0.4133104365036463,-0.39617208672086723,-0.30944625407166126,-0.2857142857142857,-0.3925964811271231,-0.2766466318657322,-0.2593412676446167,-0.29909641449581853,1.7674418604651154,-0.8998569384835475,-0.8325459317585302,-0.9655172413793107,0.27630180658873543,-0.4788732394366198
69,-0.4,-0.875,-0.20994475138121546,-0.375,-0.5,-0.728813559322034,-0.13709871533844623,-0.37516937669376693,-0.30944625407166126,-0.2857142857142857,-0.37251282746007824,-0.21566873947133083,-0.2593412676446167,-0.2661091351853632,0.09302325581395314,0.11444921316165958,0.31391076115485594,0.07677293428757319,-0.5802337938363442,0.4788732394366197
70,4.4,0.5,2.8287292817679557,1.875,0.5,-0.033898305084745645,-0.5718883740973162,3.5323509485094853,3.407166123778502,3.4285714285714284,3.5401757743044384,3.5026516648295654,3.67713811237199,3.472668140600468,0.4651162790697674,0.3190271816881259,0.4598425196850398,0.874430709173715,1.6046758767268858,1.971830985915493
71,-0.4,0.25,0.13259668508287292,0.5,0.0,1.8050847457627122,-0.09474994626614107,0.10111788617886179,0.17263843648208468,0.14285714285714285,0.0915448834098183,0.10748081442505668,0.13050096872405204,0.12300938831747252,0.8837209302325582,-0.2761087267525035,-0.3527559055118111,-0.1040988939492519,-0.17640807651434676,-0.08450704225352121
72,0.0,0.25,0.055248618784530384,-0.25,0.0,-0.4152542372881355,-0.08418798275349258,-0.019139566395663957,-0.03908794788273615,0.0,-0.036035425803938835,0.0,-0.05701632991973429,-0.0004485885481752059,0.4418604651162787,-0.11301859799713862,-0.4125984251968503,-0.019518542615484993,-0.22316684378320942,-0.1971830985915493
73,1.0,0.375,0.8287292817679558,0.375,0.0,-0.3898305084745763,-0.06268302903826309,1.5186314363143631,1.8827361563517915,1.5714285714285714,1.5853555280849407,1.9411850342116757,5.3260448380846945,2.1374122849178123,0.8372093023255808,0.2761087267525037,0.38215223097112877,0.6571242680546516,1.857598299681189,1.3521126760563382
74,-0.2,0.25,0.3314917127071823,-0.375,0.5,-0.8305084745762712,0.14001509165911927,0.32435636856368566,0.5244299674267101,1.0,0.345181447174572,0.5188944117463553,1.2351231663437587,0.5293344868467429,0.20930232558139497,-0.027181688125894055,0.23622047244094496,0.45933636955107326,0.9181721572794896,0.30985915492957744
75,0.0,0.625,0.287292817679558,0.75,0.0,0.8474576271186441,-0.020177591499101994,0.16175474254742547,0.11400651465798045,-0.14285714285714285,0.13100096523461974,0.07603518915209118,-0.18267367838361473,0.09330641802044282,1.1395348837209298,-0.46638054363376236,-0.23622047244094477,0.022121014964215768,-0.42082890541976614,-0.16901408450704225
76,-0.2,-0.75,-0.2983425414364641,-0.375,-0.5,-0.7627118644067797,-0.2180484154780874,-0.4046409214092141,-0.3811074918566775,-0.2857142857142857,-0.407498348940782,-0.3680302809724851,-0.2593412676446167,-0.3413438431221763,0.6976744186046511,0.26895565092989987,0.33175853018372714,0.8002602472348731,1.5239107332624857,1.0704225352112675
77,0.4,0.375,0.2983425414364641,0.0,0.0,-0.6949152542372882,0.6072632628227795,0.4559620596205962,0.7817589576547231,0.5714285714285714,0.5078827493946116,0.856310962294366,1.4713534458898423,0.7636098561312442,0.30232558139534893,0.1530758226037196,0.2257217847769032,0.5946649316851009,0.9585547290116889,0.2816901408450704
78,-0.2,0.125,-0.08839779005524862,-0.125,-0.5,-0.27966101694915246,0.6876314506715568,-0.21595528455284552,-0.1758957654723127,-0.14285714285714285,-0.1755033613872284,-0.20693384356217373,-0.2593412676446167,-0.12357012400269153,2.1395348837209296,-0.5693848354792558,-0.5900262467191603,-0.20689655172413796,-0.4017003188097768,-0.4225352112676056
79,-0.2,0.875,-0.11049723756906077,-0.125,-0.5,0.23728813559322043,0.07777448941435636,-0.3031842818428184,-0.2931596091205212,-0.2857142857142857,-0.32428496435405485,-0.2945739658507165,-0.2593412676446167,-0.27368707744560866,0.511627906976744,-0.6766809728183115,-0.7622047244094489,-0.33181522446324024,-0.7311370882040382,-0.4788732394366198
80,-0.2,0.25,-0.17679558011049723,0.0,-0.5,0.38983050847457645,-0.03756112756169665,-0.296070460704607,-0.20521172638436483,0.14285714285714285,-0.2900784041454287,-0.18884013060749122,0.1889011901466925,-0.16488833349354354,1.1860465116279062,-0.9656652360515018,-0.7359580052493438,-0.4775536759921929,-0.44420828905419746,-0.5352112676056339
81,-0.4,0.125,-0.3425414364640884,-0.25,-0.5,-0.6949152542372882,0.3903287471672449,-0.383130081300813,-0.3778501628664495,-0.2857142857142857,-0.42958020761011295,-0.35056048915417093,-0.2593412676446167,-0.34506071966419943,1.5581395348837206,-1.031473533619456,-0.8230971128608925,-0.6376057254391676,-0.49521785334750285,-0.4507042253521127
82,-0.4,0.25,0.011049723756906077,-0.125,0.0,0.025423728813559386,-0.0867222217578373,0.017107046070460704,-0.03257328990228013,0.0,0.0,-0.09084291745523365,-0.1084970938278439,-0.024351949758082605,-0.06976744186046527,0.31330472103004303,0.07349081364829428,0.2849707221860765,0.19128586609989334,0.0
83,0.0,0.5,-0.055248618784530384,-0.375,0.0,-0.7203389830508475,0.35546009364450926,-0.10501355013550136,0.06188925081433225,-0.2857142857142857,-0.09391563510744586,-0.006655158787929206,-0.2593412676446167,-0.05381460476144702,-0.4186046511627908,-0.4492131616595133,-0.4766404199475066,-0.09759271307742357,0.15090329436769406,-0.3380281690140845
84,-0.4,-0.25,-0.143646408839779,-0.375,-0.5,-0.8050847457627119,0.190911206413247,-0.24220867208672087,-0.3127035830618892,0.2857142857142857,-0.2640678712343149,-0.26658070419898927,0.18903957929698312,-0.18251145502899804,0.27906976744186024,-0.6895565092989981,-0.5658792650918636,-0.27065712426805494,-0.5185972369819342,-0.4225352112676056
85,4.8,-1.0,3.734806629834254,3.75,2.0,0.88135593220339,-0.6723029007866336,3.4368224932249323,2.214983713355049,1.1428571428571428,3.21311364367602,1.9230913212569931,1.3542762247439801,2.4406421224646735,0.25581395348837155,0.2703862660944206,0.47874015748031534,0.6753415744957708,0.9883103081827835,1.0985915492957745
86,1.0,0.75,1.0386740331491713,0.625,0.5,0.22881355932203387,-0.4378527897444532,0.9535907859078591,0.8078175895765473,0.7142857142857143,0.9259478773305336,0.7019944678992576,0.5260171602546361,0.7924957544298119,0.34883720930232553,0.08011444921316171,0.1774278215223099,0.5413142485361094,0.6588735387885222,0.30985915492957744
87,1.0,0.75,1.2265193370165746,0.875,0.0,0.3305084745762714,-0.5480908303002029,1.073678861788618,0.9381107491856677,0.2857142857142857,1.0042504191150323,0.8830563816733565,0.5776363133130362,0.9052516902175655,0.9302325581395348,-0.2074391988555077,0.018897637795275566,0.28236824983734526,0.27417640807651406,0.3380281690140845
88,0.4,0.875,0.1878453038674033,0.125,0.0,0.6016949152542375,-0.022927631057860675,0.07096883468834689,-0.006514657980456026,-0.2857142857142857,0.04887135285252231,-0.015930786348605536,-0.2593412676446167,0.010157326412252875,0.7441860465116276,-0.3547925608011442,-0.4440944881889764,-0.28757319453480823,-0.44208289054197686,-0.1971830985915493
89,-0.2,0.875,-0.03314917127071823,0.0,0.0,0.33898305084745767,-0.1553240477562344,-0.1681910569105691,-0.23452768729641693,-0.2857142857142857,-0.19037136131949267,-0.25589085539587797,-0.2593412676446167,-0.19544041782819058,1.3488372093023255,-0.9456366237482113,-0.46194225721784776,-0.11711125569290856,-0.6418703506907542,-0.2535211267605634
90,0.4,0.75,0.0,0.0,-0.5,2.5000000000000004,0.3520093540462417,-0.013550135501355014,0.05863192182410423,-0.14285714285714285,-0.024418742485563815,0.021920429257741823,-0.173539994464434,0.0,0.34883720930232553,-0.7081545064377679,-0.6740157480314961,-0.2134027325959663,-0.49309245483528147,-0.3098591549295775
91,0.0,0.5,-0.022099447513812154,0.25,-0.5,0.5000000000000002,0.5467046516482305,0.04081978319783198,0.24429967426710097,0.14285714285714285,0.05439181751985504,0.31832456377513885,0.6790755604760587,0.250152199685988,1.209302325581395,-0.29041487839771085,-0.34855643044619417,-0.19518542615484713,-0.6312433581296488,0.11267605633802812
92,0.0,0.25,-0.3867403314917127,-0.5,-0.5,-0.38135593220338987,0.44335252982864715,-0.43004742547425473,-0.4234527687296417,-0.2857142857142857,-0.4452271688144548,-0.4020963750181977,-0.2593412676446167,-0.37231247396584316,-1.5813953488372092,-1.0243204577968523,-1.0057742782152232,-1.3441769681197142,-0.9096705632306056,-0.4788732394366198
93,-0.4,-0.375,-0.3425414364640884,-0.5,-0.5,-1.076271186440678,0.27617349223552184,-0.4178523035230352,-0.40716612377850164,-0.2857142857142857,-0.4366585948216009,-0.37734750327558597,-0.2593412676446167,-0.35872664936396553,-0.7906976744186046,-1.0329041487839767,-0.6719160104986878,-0.6922576447625246,-0.6609989373007435,-0.4507042253521127
94,-0.4,-0.375,-0.3867403314917127,-0.5,-0.5,-1.1355932203389831,0.30545986859652996,-0.4596883468834688,-0.40716612377850164,-0.2857142857142857,-0.4619240343420317,-0.40430089636669925,-0.2593412676446167,-0.3810599506552597,-0.48837209302325607,-1.0157367668097277,-0.7758530183727036,-1.0826284970722189,-0.7863974495217849,-0.4788732394366198
95,-0.2,0.375,-0.3314917127071823,-0.375,-0.5,0.0677966101694916,0.13509060928554906,-0.4059959349593496,-0.38436482084690554,0.0,-0.41332362454066685,-0.34690015182080985,0.01992803764184888,-0.30363036303630364,-1.1627906976744184,-1.1330472103004288,-1.0078740157480317,-1.2036434612882243,-0.7523910733262482,-0.4788732394366198
96,-0.2,0.25,-0.3425414364640884,-0.25,-0.5,0.9322033898305085,0.08055071637448533,-0.4312330623306233,-0.40716612377850164,-0.2857142857142857,-0.4414678339796454,-0.3933614791090406,-0.2593412676446167,-0.367169726681406,-0.6511627906976745,-0.8898426323319023,-0.9658792650918637,-0.6584255042290177,-0.20828905419766208,-0.4225352112676056
97,-0.2,0.5,-0.22099447513812154,0.125,0.0,0.40677966101694923,0.46311398715285784,-0.2684620596205962,-0.3257328990228013,-0.14285714285714285,-0.2995275430545442,-0.31499698438117424,-0.15554940492665376,-0.25782626806369957,0.11627906976744184,-0.6223175965665234,-0.7212598425196852,-0.6831489915419652,-0.5823591923485656,-0.4507042253521127
98,0.4,0.375,-0.15469613259668508,-0.25,0.0,0.3305084745762714,0.028060595542424346,-0.2747289972899729,-0.2996742671009772,-0.14285714285714285,-0.2993920715289655,-0.3142066842751076,-0.16772765015222807,-0.25886763433624915,-0.2325581395348837,-0.5321888412017164,-0.7139107611548557,-0.7677293428757321,-0.7970244420828902,-0.4225352112676056
99,3.0,-0.875,0.861878453038674,0.75,2.0,1.6271186440677967,-1.2415357905494224,0.6443089430894309,0.2671009771986971,0.0,0.5668805987841431,0.21758209762286046,-0.04359258234154442,0.3701175942837002,1.3488372093023255,0.09442060085836909,0.3695538057742783,0.7443070917371503,0.29755579171094537,0.5633802816901409
100,1.0,0.5,0.9060773480662984,1.0,1.0,0.40677966101694923,-0.6692748071411874,1.087059620596206,1.3452768729641693,1.0,1.1009093526154472,1.3792816587983279,1.181843343481871,1.212054215130251,-0.6744186046511628,0.03576537911301859,0.12703412073490827,0.5126870527000649,0.14877789585547269,0.30985915492957744
101,3.0,0.125,0.9281767955801105,0.375,2.5,0.6440677966101697,-0.46095301214446577,1.0047425474254743,0.6970684039087948,0.0,0.9882986469781383,0.6544932720504129,-0.05231109880985331,0.7367426062994649,-0.04651162790697657,0.11158798283261816,0.3223097112860894,0.6662329212752113,0.33368756641870345,0.8169014084507042
102,-0.2,0.625,0.11049723756906077,0.375,0.5,1.576271186440678,0.37892363116611705,0.13177506775067752,0.08794788273615635,0.8571428571428571,0.16967808578734359,0.10972693051598278,0.7111818433434819,0.22805921368835913,-0.04651162790697657,0.13304721030042935,0.049343832020997645,-0.2680546519193237,-0.2805526036131774,0.30985915492957744
103,0.2,0.0,0.06629834254143646,0.125,0.5,-0.3728813559322033,0.6184045992091285,0.3817750677506775,0.6286644951140065,0.7142857142857143,0.42382266777301747,0.7460848948692885,1.3115139773041793,0.6628857060463328,0.06976744186046527,-0.20600858369098698,0.15643044619422597,0.4189980481457384,0.4038257173219974,1.0140845070422537
104,-0.2,0.375,-0.2430939226519337,0.25,-0.5,1.8474576271186443,0.9983161033287037,-0.23001355013550134,-0.18892508143322476,-0.2857142857142857,-0.22728735203969316,-0.24461868019882288,-0.2593412676446167,-0.20856163286231535,-0.744186046511628,-0.5822603719599424,-0.5963254593175853,-0.5595315549772285,-0.27417640807651406,-0.3098591549295775
105,-0.2,0.0,-0.32044198895027626,-0.375,-0.5,-0.45762711864406774,0.3101299590710782,-0.4173441734417344,-0.3550488599348534,-0.14285714285714285,-0.42158738760096864,-0.3597945219724227,-0.0077497924162745644,-0.31571021179787884,1.697674418604651,-1.0386266094420595,-0.7181102362204724,-0.25374105400130165,-0.9054197662061633,-0.4788732394366198
106,-0.2,-0.125,-0.36464088397790057,-0.125,-0.5,0.8559322033898307,0.011734305665311242,-0.4380081300813008,-0.3941368078175896,-0.2857142857142857,-0.4506798977189982,-0.3798431878210594,-0.2593412676446167,-0.3663206126437886,-0.13953488372093054,-0.952789699570815,-0.720209973753281,-0.8015614834092392,-1.0563230605738574,-0.4788732394366198
107,0.2,1.0,-0.13259668508287292,-0.375,0.0,0.5762711864406781,-0.233698719675735,-0.2342479674796748,-0.2768729641693811,-0.2857142857142857,-0.24530506494166257,-0.3026849406235052,-0.2593412676446167,-0.23945015860809382,-0.04651162790697657,-0.7324749642346206,-0.7391076115485566,-0.9199739752765129,-0.6716259298618489,-0.591549295774648
108,0.0,0.25,-0.1878453038674033,-0.125,-0.5,1.4406779661016953,0.3150376066866247,-0.3643292682926829,-0.3778501628664495,-0.2857142857142857,-0.37986215772272364,-0.33525362394193375,-0.2593412676446167,-0.31564612771956807,0.06976744186046527,-1.1216022889842627,-0.8839895013123361,-0.7820429407937544,-0.6609989373007435,-0.5633802816901409
109,0.2,0.5,-0.12154696132596685,1.0,-0.5,4.516949152542373,0.09002274621315838,-0.1947831978319783,-0.14006514657980457,0.0,-0.19643371208914026,-0.16667013289520205,0.07805148076390811,-0.12488384760806177,1.2790697674418603,-0.6494992846924175,-0.38635170603674535,-0.23162003903708542,0.3145589798087141,-0.11267605633802812
110,0.0,0.0,-0.2983425414364641,-0.375,0.0,0.04237288135593221,0.23928002650071425,-0.3445121951219512,-0.34527687296416937,-0.2857142857142857,-0.37427395729260154,-0.33475448703283905,-0.2593412676446167,-0.3128104072543177,0.5348837209302326,-0.7939914163090125,-0.678215223097113,-0.716981132075472,-0.9096705632306056,-0.4507042253521127
111,-0.2,0.25,-0.3314917127071823,-0.375,-0.5,-0.10169491525423724,0.45535632022117944,-0.36974932249322495,-0.38436482084690554,-0.2857142857142857,-0.4001151507967419,-0.3701516128361375,-0.2593412676446167,-0.33866833285270276,0.7674418604651163,-0.8955650929899853,-0.8125984251968505,-0.9199739752765129,-0.3974495217853348,-0.4225352112676056
112,-0.2,0.625,-0.11049723756906077,-0.375,0.5,0.4830508474576271,15.606705845279325,-0.18868563685636858,-0.2964169381107492,-0.2857142857142857,-0.20943897854469715,-0.2720296154566063,-0.2593412676446167,-0.2106764074465699,-1.0930232558139537,-0.3834048640915592,-0.5396325459317586,-0.18347430058555633,-0.6971307120085015,-0.4225352112676056
113,0.0,0.25,-0.22099447513812154,-0.375,-0.5,-0.4491525423728813,1.5257044016403825,-0.10772357723577236,0.05211726384364821,-0.14285714285714285,-0.08615989026806428,0.02395857163654514,0.2258510932742873,0.017815373770386746,1.813953488372093,-0.6938483547925606,-0.4356955380577428,-0.5126870527000653,-0.6291179596174282,-0.1971830985915493
114,-0.2,0.0,-0.06629834254143646,0.0,0.0,-0.016949152542372822,0.04688950079856869,-0.08756775067750677,-0.1498371335504886,-0.2857142857142857,-0.12026484683250639,-0.1954120999105713,-0.2593412676446167,-0.13898234483642538,-0.48837209302325607,0.014306151645207639,0.09133858267716549,0.5126870527000649,0.9245483528161522,0.4788732394366197
115,0.0,0.0,-0.32044198895027626,-0.375,-0.5,-0.3983050847457627,3.95956409199891,-0.37296747967479676,-0.3517915309446254,-0.2857142857142857,-0.3844004538296107,-0.3588378428966579,-0.2593412676446167,-0.32687686244352593,0.8837209302325582,-1.3361945636623744,-0.8188976377952758,-0.8510084580351336,-0.4590860786397448,-0.5070422535211268
116,-0.4,0.0,-0.1878453038674033,-0.375,0.5,0.652542372881356,0.0,-0.23340108401084012,-0.3355048859934853,-0.14285714285714285,-0.25800552046466735,-0.30617889898716805,-0.014254082479933573,-0.21843058092216988,-2.395348837209302,-0.48211731044349043,-0.32650918635170606,-0.27976577748861453,-0.7353878852284802,-0.16901408450704225
117,0.0,0.25,-0.30939226519337015,-0.25,-0.5,0.0,1.176435535765881,-0.23814363143631437,-0.16938110749185667,-0.2857142857142857,-0.18708617682420875,-0.19225089948630494,-0.2593412676446167,-0.1693742189752956,-1.0,-0.4363376251788266,-0.50498687664042,-0.27976577748861453,-0.13390010626992535,-0.3098591549295775
118,-0.2,0.5,-0.2430939226519337,-0.5,-0.5,-1.033898305084746,-0.08947608420956471,-0.2774390243902439,-0.3811074918566775,-0.2857142857142857,-0.3130069598496266,-0.38233887236653286,-0.2593412676446167,-0.3021564292351565,0.04651162790697657,-0.5708154506437765,-0.6194225721784777,-0.857514638906962,-0.45696068012752417,-0.4225352112676056
119,0.0,-0.25,-0.3314917127071823,-0.375,-0.5,-0.711864406779661,0.455413874050172,-0.3790650406504065,-0.4169381107491857,-0.2857142857142857,-0.427040116505512,-0.4108728656697793,-0.2593412676446167,-0.3670896215835176,-0.6279069767441862,-0.47782546494992834,-0.7433070866141733,-0.7404033832140536,-0.8735387885228479,-0.4225352112676056
120,0.0,1.0,-0.36464088397790057,-0.25,-0.5,-0.4322033898305085,31.146351437381433,-0.3821138211382114,-0.3811074918566775,-0.2857142857142857,-0.39659289113169527,-0.37930245616954017,-0.2593412676446167,-0.3405267711237143,0.3720930232558134,-1.0472103004291842,-1.1296587926509187,-1.5276512687052706,-1.5451647183846968,-0.5633802816901409
121,1.6,0.75,2.0,3.0,2.0,0.43220338983050866,-0.18854851826948274,2.1587059620596207,2.224755700325733,1.1428571428571428,2.131813794388092,2.4032610278060855,1.9950179905895378,2.188263001057387,0.1860465116279071,0.430615164520744,0.47454068241469827,0.2342225113858162,0.180658873538788,0.3380281690140845
122,1.6,0.5,0.7403314917127072,0.875,0.0,0.07627118644067815,0.2924035434126023,0.9859417344173442,1.1368078175895766,0.8571428571428571,1.0853301271738947,0.9958197283863319,0.967478549681705,1.0321702073119934,-0.16279069767441842,0.3104434907010016,0.17637795275590554,0.25894599869876367,-0.1445270988310307,0.028169014084507067
123,-0.4,0.875,0.08839779005524862,-0.125,0.5,-0.033898305084745645,-0.06995306083666594,0.12974254742547425,0.16612377850162866,0.42857142857142855,0.1478333022877754,0.20302393777426533,0.4251314696927761,0.22054535550642443,-0.30232558139534893,0.391988555078684,0.0902887139107615,0.0286271958360441,0.13177470775770472,0.056338028169014134
124,0.2,0.75,0.23204419889502761,0.5,1.0,1.5423728813559323,-0.14693255218497345,0.2733739837398374,0.15309446254071662,0.14285714285714285,0.24598242256955616,0.08422935340972901,0.07569886520896761,0.18076516389503028,0.30232558139534893,0.2975679542203147,0.16902887139107647,0.24202992843201038,-0.03188097768331606,0.0
125,0.4,0.0,1.3259668508287292,0.75,1.0,-0.4491525423728813,-0.34169733992702545,1.693258807588076,1.736156351791531,3.7142857142857144,1.7829746160228948,1.6229020651789614,4.975781898699142,2.0677528917940338,0.5813953488372092,0.6366237482117307,0.5690288713910765,0.32270657124268065,0.3889479277364501,1.971830985915493
126,0.4,0.25,0.0,0.0,0.0,0.7118644067796612,-0.023213845325868128,0.019986449864498646,-0.09120521172638436,0.0,-0.0454506968316597,-0.11983445292515026,-0.055770827567118736,-0.050914800217885865,-0.04651162790697657,-0.18168812589413436,0.14908136482939655,0.039037085230969056,0.13390010626992535,-0.2253521126760564
127,-0.2,0.375,0.0,0.0,0.0,0.46610169491525427,0.7884310373782474,0.05945121951219512,0.21498371335504887,0.0,0.10800467376763247,0.1581848054405923,0.04622197619706615,0.14056842577461628,-0.5581395348837209,0.0,-0.14908136482939618,-0.3044892648015615,-0.18490967056323074,-0.2535211267605634
128,-0.2,1.25,-0.011049723756906077,-0.25,0.5,0.025423728813559386,0.2967260896604011,-0.09281842818428185,-0.14006514657980457,0.0,-0.11782635937208948,-0.1680011646527879,0.06019928037641849,-0.09027844532026018,-0.7906976744186046,0.004291845493562393,-0.41154855643044613,-0.39817826935588846,-0.32518597236981944,-0.3943661971830986
129,-0.2,0.125,-0.011049723756906077,-0.375,0.0,-0.025423728813559233,-0.16713378249013325,-0.2152777777777778,-0.23452768729641693,-0.14285714285714285,-0.22566169373274855,-0.23496869995632552,-0.07818986991419873,-0.18310423275337243,0.1395348837209297,0.03862660944206027,-0.32125984251968503,-0.36694860117111266,-0.2678002125398514,-0.3098591549295775
130,0.8,0.0,0.7734806629834254,0.75,0.0,-0.05084745762711862,-0.42064622907557964,0.9568089430894309,0.8925081433224755,0.7142857142857143,1.0798096625065619,0.7993677599151467,1.0020758372543592,0.9578967605498414,-0.3720930232558142,0.5608011444921317,0.46299212598425216,0.2966818477553673,0.6992561105207222,0.732394366197183
131,0.0,1.125,-0.2541436464088398,0.125,-0.5,0.7881355932203391,1.0607601138754466,-0.3333333333333333,-0.31596091205211724,-0.2857142857142857,-0.3542241715069514,-0.32888962835097646,-0.2593412676446167,-0.30106699990387387,-0.9302325581395348,-1.298998569384835,-0.7580052493438322,-1.0839297332465847,-0.6886291179596176,-0.619718309859155
132,-0.4,-0.25,-0.36464088397790057,-0.5,-0.5,-0.17796610169491525,1.2272826660504825,-0.4478319783197832,-0.4201954397394137,-0.14285714285714285,-0.4530845172980204,-0.40467524904852026,0.02836977580957653,-0.34371495401967384,0.4186046511627908,-0.3991416309012873,-0.7632545931758532,-1.5120364346128827,-1.0520722635494153,-0.591549295774648
133,-0.2,-0.375,-0.4530386740331492,-0.5,-0.5,-1.0254237288135595,0.8589790666213915,-0.5035569105691057,-0.43973941368078173,-0.2857142857142857,-0.5065280341388244,-0.4090426970030988,-0.2593412676446167,-0.4039860296709283,-0.2093023255813958,-1.1616595135908436,-0.9175853018372705,-0.8379960962914772,-0.9564293304994683,-0.5633802816901409
134,-0.2,0.0,-0.2430939226519337,-0.25,-0.5,-0.4491525423728813,-0.025600347637753162,-0.36348238482384826,-0.36482084690553745,-0.2857142857142857,-0.3962542123177485,-0.3723561341846391,-0.2593412676446167,-0.3376910506584639,-0.5116279069767443,-1.2031473533619452,-0.5060367454068242,-0.9967469095640863,-0.9500531349628053,-0.5352112676056339
135,0.0,0.0,-0.2983425414364641,0.125,-0.5,1.2711864406779663,0.8084898386160457,-0.34569783197831977,-0.3485342019543974,-0.2857142857142857,-0.36506189355324875,-0.35451198968450387,-0.2593412676446167,-0.3160626742285879,-0.6046511627906979,-0.5050071530758223,-0.5952755905511811,-0.6284970722186081,0.055260361317746635,-0.5633802816901409
136,-0.2,-0.125,-0.36464088397790057,-0.375,-0.5,-0.7372881355932204,1.6941173100885831,-0.20816395663956638,-0.247557003257329,-0.2857142857142857,-0.18244627707313768,-0.28588066468398393,-0.2593412676446167,-0.20324265436252364,0.9302325581395348,-0.7210300429184546,-0.47244094488188976,-0.8288874430709177,-0.3655685441020187,-0.4507042253521127
137,-0.2,0.125,-0.30939226519337015,0.0,-0.5,0.29661016949152547,2.442352089260691,-0.1654810298102981,-0.24429967426710097,-0.2857142857142857,-0.1497637715272721,-0.27781128465361976,-0.2593412676446167,-0.18467429267198565,-1.3488372093023255,-0.8669527896995703,-0.8125984251968505,-1.0566037735849059,-0.17215727948990478,-0.4788732394366198
138,-0.2,-0.125,0.0,0.0,-0.5,0.05932203389830518,0.8899276064487166,0.48848238482384826,0.25732899022801303,-0.2857142857142857,0.5538075965657968,0.14720379344050913,0.13534458898422363,0.35754109391521677,1.6511627906976736,0.2646638054363378,0.1805774278215226,0.02992843201040995,0.5058448459086075,0.45070422535211263
139,-0.2,0.25,-0.287292817679558,-0.25,-0.5,-0.2881355932203389,-0.0035183825912701665,-0.3340108401084011,-0.34201954397394135,-0.2857142857142857,-0.35232757014884936,-0.3378324979722563,-0.2593412676446167,-0.30361434201672594,0.04651162790697657,0.11015736766809744,-0.12178477690288719,-1.0956408588158755,0.0,-0.2535211267605634
140,-0.2,0.125,-0.36464088397790057,-0.375,-0.5,-0.6101694915254238,0.5823282856142954,-0.40887533875338755,-0.3973941368078176,-0.14285714285714285,-0.41054645826630315,-0.3829211987604767,-0.17962911707722115,-0.3392931526162325,0.11627906976744184,-0.7167381974248924,-0.903937007874016,-0.9798308392973327,0.11689691817215739,-0.591549295774648
141,-0.2,0.125,-0.27624309392265195,-0.25,-0.5,-0.6694915254237288,0.14765097548362344,-0.29505420054200543,-0.3355048859934853,-0.14285714285714285,-0.33542749733290433,-0.3311773391843271,0.11942983670080266,-0.24920695953090455,-0.9069767441860465,-0.6137339055793989,-0.25931758530183724,-0.584255042290176,-0.29968119022316675,-0.28169014084507044
142,-0.4,-0.75,-0.46408839779005523,-0.375,-0.5,-0.6949152542372882,1.6821846582395052,-0.4774728997289973,-0.48534201954397393,-0.2857142857142857,-0.49724823463668233,-0.44968076035189153,-0.2593412676446167,-0.41524880643404144,-2.674418604651162,-0.4706723891273245,-0.7979002624671916,-0.6922576447625246,-2.5270988310308176,-0.2535211267605634
143,2.4,0.5,1.4033149171270718,0.375,1.0,0.38135593220338987,-0.7568482012791726,1.4369918699186992,0.9283387622149837,0.5714285714285714,1.4031463261815658,0.8609279787034919,0.8397453639634652,1.1157678874683585,0.06976744186046527,0.5722460658082974,0.3475065616797904,0.5113858165256995,0.23591923485653538,0.6760563380281692
144,0.6,-0.625,0.16574585635359115,-0.125,0.0,-0.008474576271186411,-1.5762072961958176,0.13160569105691056,-0.048859934853420196,-0.14285714285714285,0.059810678543003745,-0.11500946280390159,-0.16662053694990311,-0.012095869781152872,0.2325581395348837,0.04005722460658098,0.19842519685039384,0.3044892648015615,0.9883103081827835,0.0
145,0.4,-0.125,0.08839779005524862,0.125,-0.5,1.0423728813559323,-0.37699239215072416,0.14041327913279134,0.20521172638436483,0.0,0.1319153980322761,0.17320050745585758,0.5244948796014393,0.21303149732448973,1.0697674418604644,-0.1917024320457796,0.1732283464566932,0.2693558880936891,0.3039319872476087,-0.028169014084507067
146,4.2,-0.125,1.6464088397790055,3.375,2.0,0.43220338983050866,-0.42509993445550703,3.408536585365854,2.478827361563518,0.8571428571428571,3.5620205578040065,2.05548738639436,0.7452255743149737,2.5861770643083726,0.5813953488372092,0.7925608011444918,0.4472440944881893,0.6519193233571892,1.0797024442082883,1.295774647887324
147,1.0,0.125,0.011049723756906077,0.0,-0.5,0.43220338983050866,0.2499259884414181,-0.004403794037940379,0.17263843648208468,-0.2857142857142857,0.0016933940697339677,0.05523781793981241,-0.2593412676446167,0.015252010637957,0.5348837209302326,0.04291845493562241,-0.14488188976377947,0.0,0.18703506907545137,-0.3098591549295775
148,0.8,0.25,0.430939226519337,-0.25,1.0,-0.46610169491525427,-1.3450336148615367,0.41446476964769646,0.6938110749185668,0.0,0.4098013648756202,0.7744941039452613,2.262109050650429,0.7772437437918549,0.32558139534883684,0.49213161659513593,0.40209973753280875,0.550422901756669,1.166843783209351,0.9577464788732396
149,1.6,-0.25,1.0828729281767955,1.125,0.5,0.6186440677966103,-0.7431399851632005,1.5064363143631436,1.6416938110749186,0.8571428571428571,1.6043554095473558,1.5006551171931868,1.2997508995294769,1.510605914960428,0.5581395348837205,0.6752503576537913,0.45669291338582707,0.7104749512036432,2.2337938363443133,0.9014084507042254
150,-0.2,0.375,-0.36464088397790057,-0.375,-0.5,0.27118644067796605,0.5614281790350784,-0.42598238482384826,-0.36156351791530944,-0.2857142857142857,-0.4238904035358068,-0.3646195120936714,-0.2593412676446167,-0.34778429299240604,-1.2558139534883719,-0.3519313304721028,-1.015223097112861,-0.8692257644762528,-0.8629117959617426,-0.5352112676056339
151,0.2,-0.25,-0.19889502762430938,-0.125,-0.5,0.8305084745762713,8.743860477734184,0.09586720867208672,0.10423452768729642,-0.2857142857142857,0.18281882376847916,0.05278372813676351,-0.2593412676446167,0.09998718318433786,2.093023255813953,-0.18025751072961366,-0.2572178477690289,-0.05725439167208866,0.2635494155154087,-0.28169014084507044
152,0.0,0.625,-0.16574585635359115,0.375,-0.5,2.093220338983051,0.7432388309125662,-0.2117208672086721,-0.11400651465798045,-0.14285714285714285,-0.18163344791966538,-0.170247280743714,-0.09202878494326044,-0.13895030279727003,-0.5348837209302326,-0.3991416309012873,-0.4482939632545933,-0.4294079375406638,-0.4654622741764082,-0.4507042253521127
153,0.0,0.625,-0.30939226519337015,-0.25,-0.5,0.33898305084745767,-0.12896673223843863,-0.3003048780487805,-0.2280130293159609,-0.2857142857142857,-0.30718168424974174,-0.21130129151675228,-0.2593412676446167,-0.23352238136435002,0.3720930232558134,-0.9785407725321884,-0.6246719160104989,-0.3968770331815226,-0.08501594048884208,-0.4507042253521127
154,-0.2,0.125,-0.27624309392265195,-0.375,-0.5,-0.6694915254237288,-0.754154184054059,-0.3030149051490515,-0.3517915309446254,-0.2857142857142857,-0.3412189050513945,-0.3366678451843687,-0.2593412676446167,-0.29791085904706976,-0.6046511627906979,-0.5321888412017164,-0.6960629921259844,-0.4775536759921929,-0.6142401700318808,-0.5633802816901409
155,-0.4,0.5,-0.30939226519337015,-0.25,-0.5,-0.16949152542372883,0.11384118147734637,-0.3624661246612466,-0.34201954397394135,-0.14285714285714285,-0.38172489119943104,-0.3355447871389056,-0.1631608081926377,-0.3055048223268929,-0.30232558139534893,-0.8812589413447779,-0.9018372703412074,-0.6740403383214056,-1.1158342189160464,-0.5352112676056339
156,-0.4,0.125,-0.32044198895027626,-0.375,-0.5,-0.7203389830508475,0.8254943120438134,-0.3687330623306233,-0.32247557003257327,-0.2857142857142857,-0.3838246998459011,-0.33858120333589836,-0.2593412676446167,-0.3188022685763722,-0.32558139534883723,-0.7567954220314732,-0.9343832020997377,-0.6102797657774889,-0.6099893730074388,-0.5633802816901409
157,-0.2,0.25,-0.27624309392265195,-0.5,-0.5,-0.923728813559322,-0.25242181146321907,-0.3890582655826558,-0.3778501628664495,-0.2857142857142857,-0.39578006197822296,-0.3560509951542125,-0.2593412676446167,-0.33118651670992344,-0.7674418604651163,-0.34907010014306133,-0.7160104986876641,-0.4892648015614837,-0.7247608926673749,-0.4788732394366198
158,0.2,0.375,-0.12154696132596685,-0.125,-0.5,-0.12711864406779663,-0.016940138932348775,-0.2544037940379404,-0.2182410423452769,-0.2857142857142857,-0.25780231317629926,-0.2541854709564711,-0.2593412676446167,-0.22668140600467815,0.0,-0.165951359084406,-0.25091863517060364,0.0,-0.061636556854409996,-0.2535211267605634
159,-0.2,1.0,-0.2983425414364641,-0.25,-0.5,0.3305084745762714,0.25743810172203735,-0.3736449864498645,-0.30293159609120524,-0.2857142857142857,-0.36543444024859023,-0.3303038495934114,-0.2593412676446167,-0.3069146720497292,-0.5116279069767443,-0.6781115879828322,-0.9606299212598427,-0.9512036434612885,-1.198724760892667,-0.591549295774648
160,0.6,-0.25,2.165745856353591,0.875,2.0,-0.4915254237288135,7.1584707095376965,2.9586720867208673,1.521172638436482,0.8571428571428571,2.8677628570944744,1.4714140132687228,1.0696097425961804,2.0317376397833957,-0.2558139534883724,0.9527896995708152,0.5091863517060371,0.623292127521145,1.3496280552603603,1.0704225352112675
161,0.2,-0.375,0.3314917127071823,-0.5,0.0,-1.033898305084746,0.09566392164635912,0.573509485094851,0.1563517915309446,0.14285714285714285,0.4919648451391123,0.1432106981677516,0.7360918903957929,0.3196674036335672,0.1395348837209297,0.13590844062947077,0.12283464566929156,0.4268054651919321,0.6631243358129649,0.30985915492957744
162,8.4,0.25,4.276243093922652,4.0,4.0,0.457627118644068,0.8509592217151061,5.107723577235772,4.931596091205212,5.428571428571429,5.128918090528847,4.642680365201839,6.4791032383061165,4.987695856964337,0.4651162790697674,0.6609442060085836,0.44304461942257256,0.5478204294079373,0.48034006376195476,0.7605633802816901
